software,BiMo-M,BiMo-B,BiMo
ant_main(10),2.170370370370367,2.0296296296296243,1.799999999999996
